SNP,gene,beta,t.stat,p.value,FDR,BF,TESTS,chr,snppos,genestart,geneend,ntest,TESTSupd,pred.permGLM,pred.permLM,LM.i,LM.s,GLM.i,GLM.s,numpts
chr9_520337_T_G_b38,ENSG00000181404.15,0.918560267697531,14.0824798405734,8.58296256587514e-40,1.38443186187566e-36,3.46107965468915e-37,403.25,9,520337,14521,25004,1613,201.625,1.52685904579157e-33,2.37265787803906e-32,-2.12676473691783,0.86395372421325,5.31935833332862,-2.07036048224416,135
