SNP,gene,beta,t.stat,p.value,FDR,BF,TESTS,chr,snppos,genestart,geneend,ntest,TESTSupd,pred.permGLM,pred.permLM,LM.i,LM.s,GLM.i,GLM.s,numpts
chr9_515457_G_C_b38,ENSG00000181404.15,1.16691937059043,8.51106290815197,2.48779655155986e-14,2.54334135255023e-11,1.00320395941651e-11,403.25,9,515457,14521,25004,1613,201.625,7.4362070937081e-11,3.04595143471205e-10,-2.09712208689376,0.853663706725525,5.58110775581481,-2.12458023503642,144
