"X1","betas","tstat","pvals","snps","ntest","nmedp","TESTS"
"ENSG00000181404.15",0.918560267697531,14.0824798405734,8.58296256587514e-40,"chr9_520337_T_G_b38",1613,0.302737922114937,622
