SNP,gene,beta,t.stat,p.value,FDR,BF,TESTS,chr,snppos,genestart,geneend,ntest,TESTSupd,pred.permGLM,pred.permLM,LM.i,LM.s,GLM.i,GLM.s,numpts
chr9_521172_A_C_b38,ENSG00000181404.15,0.277265467357303,4.3947796006358,1.28266412696299e-05,0.00878961781493936,0.00258617154598913,201.625,9,521172,14521,25004,1613,201.625,0.00740214061672458,0.00718248052218175,-2.20703877559413,0.889383641338315,5.60565198256359,-2.14727123667173,159
