SNP,gene,beta,t.stat,p.value,FDR,BF,TESTS,chr,snppos,genestart,geneend,ntest,TESTSupd,pred.permGLM,pred.permLM,LM.i,LM.s,GLM.i,GLM.s,numpts
chr9_514704_G_A_b38,ENSG00000181404.15,0.61474102081237,4.57685306622044,1.03674085166677e-05,0.00836131496869253,0.00209032874217313,201.625,9,514704,14521,25004,1613,100.8125,0.00648510677977346,0.00644640105267523,-2.15503331167583,0.871875693495681,5.45510412777081,-2.10396288821282,147
