SNP,gene,beta,t.stat,p.value,FDR,BF,TESTS,chr,snppos,genestart,geneend,ntest,TESTSupd,pred.permGLM,pred.permLM,LM.i,LM.s,GLM.i,GLM.s,numpts
chr9_520337_T_G_b38,ENSG00000181404.15,0.918560267697531,14.0824798405734,8.58296256587514e-40,1.38443186187566e-36,5.33860271597e-37,622,9,520337,14521,25004,1613,155.5,1.30570761115969e-33,1.5637243905641e-31,-2.02523085823551,0.840392304539033,5.32657875226102,-2.07455048092152,94
